                  epoch,         train/box_loss,         train/cls_loss,         train/dfl_loss,   metrics/precision(B),      metrics/recall(B),       metrics/mAP50(B),    metrics/mAP50-95(B),           val/box_loss,           val/cls_loss,           val/dfl_loss,                 lr/pg0,                 lr/pg1,                 lr/pg2
                      1,                 2.4392,                 4.6958,                 2.7005,                0.62102,                   0.05,                0.00862,                0.00174,                 2.8514,                 7.4299,                  3.144,             0.00037006,             0.00037006,             0.00037006
                      2,                 2.1627,                 3.4434,                 2.4928,                0.42215,                  0.025,                0.00475,                0.00063,                  3.326,                 7.0312,                 3.5512,             0.00059379,             0.00059379,             0.00059379
