                  epoch,         train/box_loss,         train/cls_loss,         train/dfl_loss,   metrics/precision(B),      metrics/recall(B),       metrics/mAP50(B),    metrics/mAP50-95(B),           val/box_loss,           val/cls_loss,           val/dfl_loss,                 lr/pg0,                 lr/pg1,                 lr/pg2
                      1,                 2.4158,                 4.6291,                 2.6799,                  8e-05,                0.09217,                0.00031,                  6e-05,                0.68243,                 41.267,                 0.6906,             0.00037002,             0.00037002,             0.00037002
                      2,                 2.1313,                  3.375,                 2.4487,                  7e-05,                0.06145,                0.00037,                  7e-05,                0.69153,                 18.767,                0.66831,             0.00059376,             0.00059376,             0.00059376
                      3,                 1.9379,                 2.8837,                 2.2953,                0.03406,                0.02203,                0.02124,                0.00712,                0.62506,                 10.112,                0.64651,             0.00067085,             0.00067085,             0.00067085
                      4,                 1.7651,                 2.5608,                 2.1599,                0.00418,                0.02203,                0.00165,                0.00047,                0.67874,                 12.695,                0.63503,             0.00045107,             0.00045107,             0.00045107
                      5,                 1.6569,                 2.3397,                 2.0644,                0.01362,                0.04406,                0.00767,                0.00231,                0.59304,                 8.9625,                0.60145,             0.00045107,             0.00045107,             0.00045107
