                  epoch,         train/box_loss,         train/cls_loss,         train/dfl_loss,   metrics/precision(B),      metrics/recall(B),       metrics/mAP50(B),    metrics/mAP50-95(B),           val/box_loss,           val/cls_loss,           val/dfl_loss,                 lr/pg0,                 lr/pg1,                 lr/pg2
                      1,                 2.4392,                 4.6958,                 2.7005,                0.62102,                   0.05,                0.00862,                0.00174,                 2.8514,                 7.4299,                  3.144,             0.00037006,             0.00037006,             0.00037006
                      2,                 2.1627,                 3.4434,                 2.4928,                0.42215,                  0.025,                0.00475,                0.00063,                  3.326,                 7.0312,                 3.5512,             0.00059379,             0.00059379,             0.00059379
                      3,                 1.9842,                 2.9499,                 2.3494,                0.01106,                  0.025,                0.00465,                0.00119,                 3.5714,                 6.7041,                 3.6252,             0.00067088,             0.00067088,             0.00067088
                      4,                  1.825,                 2.6376,                 2.2161,                0.64263,                  0.025,                 0.0108,                 0.0029,                 3.2119,                 6.0223,                 3.3904,             0.00045107,             0.00045107,             0.00045107
                      5,                 1.7018,                 2.4285,                 2.1312,                0.00708,                0.03478,                 0.0045,                0.00125,                 3.1074,                 6.6367,                 3.3636,             0.00045107,             0.00045107,             0.00045107
