                  epoch,         train/box_loss,         train/cls_loss,         train/dfl_loss,   metrics/precision(B),      metrics/recall(B),       metrics/mAP50(B),    metrics/mAP50-95(B),           val/box_loss,           val/cls_loss,           val/dfl_loss,                 lr/pg0,                 lr/pg1,                 lr/pg2
                      1,                 2.4303,                  4.613,                 2.7011,                0.60453,                  0.025,                0.00232,                 0.0006,                 3.2882,                 11.311,                 3.1774,             0.00037006,             0.00037006,             0.00037006
                      2,                 2.1222,                 3.3626,                 2.4428,                0.81439,                  0.025,                0.00617,                0.00073,                 3.0039,                 8.1818,                 3.1863,             0.00059379,             0.00059379,             0.00059379
                      3,                 1.9601,                 2.9142,                 2.3255,                0.01374,                 0.0337,                0.00702,                0.00094,                 3.2665,                 6.1829,                 3.5152,             0.00067088,             0.00067088,             0.00067088
                      4,                 1.7939,                 2.5764,                 2.1874,                0.44966,                  0.025,                0.01778,                0.00342,                 2.9123,                  6.083,                 3.0864,             0.00045107,             0.00045107,             0.00045107
                      5,                 1.6861,                 2.3689,                 2.0932,                0.00269,                0.47116,                0.00711,                0.00216,                 2.8928,                 5.8738,                  3.133,             0.00045107,             0.00045107,             0.00045107
