                  epoch,         train/box_loss,         train/cls_loss,         train/dfl_loss,   metrics/precision(B),      metrics/recall(B),       metrics/mAP50(B),    metrics/mAP50-95(B),           val/box_loss,           val/cls_loss,           val/dfl_loss,                 lr/pg0,                 lr/pg1,                 lr/pg2
                      1,                 2.7899,                 10.991,                 2.1364,                  5e-05,                0.00952,                  3e-05,                      0,                 4.1176,                 17.404,                 3.2395,             0.00036912,             0.00036912,             0.00036912
                      2,                 2.6751,                 10.183,                 2.0247,                0.00017,                0.05952,                0.00013,                  4e-05,                  4.007,                 14.845,                 3.1404,             0.00059304,             0.00059304,             0.00059304
                      3,                 2.6373,                 9.7775,                 1.9197,                 0.0001,                0.00952,                  6e-05,                  1e-05,                 4.0336,                 13.619,                 2.9878,             0.00067031,             0.00067031,             0.00067031
                      4,                 2.5477,                 9.0236,                 1.9393,                 0.0001,                0.00952,                  6e-05,                  1e-05,                 3.9691,                 13.223,                  2.924,             0.00045107,             0.00045107,             0.00045107
                      5,                 2.7161,                 8.8662,                 1.9976,                0.00027,                0.02857,                0.00017,                  3e-05,                 4.0686,                 12.502,                 2.9974,             0.00045107,             0.00045107,             0.00045107
